;;;;;;
__obj446_series.jpg;93 87 319699;;;;;
__obj2800_series.jpg;04 91 601966;;;;;
__obj2801_series.jpg;31 73 729453;;;;;
__obj2802_series.jpg;48 25 117927;;;;;
__obj2803_series.jpg;25 22 369115;;;;;
__obj2804_series.jpg;17 26 808876;;;;;
__obj2805_series.jpg;16 85 739505;;;;;
__obj2806_series.jpg;69 88 397318;;;;;
__obj2807_series.jpg;84 80 197956;;;;;
__obj2808_series.jpg;06 03 884057;;;;;
__obj2809_series.jpg;66 83 723103;;;;;
__obj2810_series.jpg;54 06 535801;;;;;
__obj2811_series.jpg;34 47 871122;;;;;
__obj2812_series.jpg;28 23 735488;;;;;
__obj2813_series.jpg;65 13 858404;;;;;
__obj2814_series.jpg;91 60 313941;;;;;
__obj2815_series.jpg;28 85 978355;;;;;
__obj2816_series.jpg;40 46 934159;;;;;
__obj2817_series.jpg;47 40 641503;;;;;
__obj2818_series.jpg;27 04 315733;;;;;
__obj2819_series.jpg;18 20 802186;;;;;
__obj2820_series.jpg;14 14 871467;;;;;
__obj2821_series.jpg;51 22 403253;;;;;
__obj2822_series.jpg;25 51 987080;;;;;
__obj2823_series.jpg;92 12 075495;;;;;
__obj2824_series.jpg;79 87 440554;;;;;
__obj2825_series.jpg;25 23 831184;;;;;
__obj2826_series.jpg;82 80 694269;;;;;
__obj2827_series.jpg;92 97 477285;;;;;
__obj2828_series.jpg;35 53 418192;;;;;
__obj2829_series.jpg;19 22 696089;;;;;
__obj2830_series.jpg;55 36 934159;;;;;
__obj2831_series.jpg;94 05 694498;;;;;
__obj2832_series.jpg;26 08 588136;;;;;
__obj2833_series.jpg;80 51 573914;;;;;
__obj2834_series.jpg;93 17 290598;;;;;
__obj2835_series.jpg;25 71 016524;;;;;
__obj2836_series.jpg;29 76 546622;;;;;
__obj2837_series.jpg;46 69 020987;;;;;
__obj2838_series.jpg;61 51 110236;;;;;
__obj2839_series.jpg;48 40 900183;;;;;
__obj2840_series.jpg;26 86 694269;;;;;
__obj2841_series.jpg;99 82 411352;;;;;
__obj2842_series.jpg;28 17 700901;;;;;
__obj2843_series.jpg;38 97 566831;;;;;
__obj2844_series.jpg;89 15 808645;;;;;
__obj2845_series.jpg;91 11 100524;;;;;
__obj2846_series.jpg;61 08 037686;;;;;
__obj2847_series.jpg;09 88 353968;;;;;
__obj2848_series.jpg;75 07 802516;;;;;
__obj2849_series.jpg;71 68 814047;;;;;
__obj2850_series.jpg;16 62 406677;;;;;
__obj2851_series.jpg;42 86 609611;;;;;
__obj2852_series.jpg;96 76 670302;;;;;
__obj2853_series.jpg;82 87 746867;;;;;
__obj2854_series.jpg;79 26 200187;;;;;
__obj2855_series.jpg;02 53 078482;;;;;
__obj2856_series.jpg;36 19 378775;;;;;
__obj2857_series.jpg;87 72 383994;;;;;
__obj2858_series.jpg;75 28 806189;;;;;
__obj2859_series.jpg;37 93 046522;;;;;
__obj2860_series.jpg;52 74 404362;;;;;
__obj2861_series.jpg;88 08 398837;;;;;
__obj2862_series.jpg;87 50 687768;;;;;
__obj2863_series.jpg;13 44 124484;;;;;
__obj2864_series.jpg;77 79 319699;;;;;
__obj2865_series.jpg;02 48 332966;;;;;
__obj2866_series.jpg;83 36 556651;;;;;
__obj2867_series.jpg;21 52 411133;;;;;
__obj2868_series.jpg;98 75 868716;;;;;
__obj2869_series.jpg;32 03 594668;;;;;
__obj2870_series.jpg;46 07 711216;;;;;
__obj2871_series.jpg;01 50 463358;;;;;
__obj2872_series.jpg;38 52 131769;;;;;
__obj2873_series.jpg;36 18 175615;;;;;
__obj2874_series.jpg;97 47 792026;;;;;
__obj2875_series.jpg;75 28 762915;;;;;
__obj2876_series.jpg;42 74 240520;;;;;
__obj2877_series.jpg;11 13 401969;;;;;
__obj2878_series.jpg;74 90 072289;;;;;
__obj2879_series.jpg;79 61 210853;;;;;
__obj2880_series.jpg;24 38 696089;;;;;
__obj2881_series.jpg;92 70 596515;;;;;
__obj2882_series.jpg;30 00 598362;;;;;
__obj2883_series.jpg;89 23 253791;;;;;
__obj2884_series.jpg;68 32 646193;;;;;
__obj2885_series.jpg;57 56 714744;;;;;
__obj2886_series.jpg;80 84 630032;;;;;
__obj2887_series.jpg;00 65 123229;;;;;
__obj2888_series.jpg;42 41 132511;;;;;
__obj2889_series.jpg;99 36 145657;;;;;
__obj2890_series.jpg;50 41 457281;;;;;
__obj2891_series.jpg;22 46 519600;;;;;
__obj2892_series.jpg;48 44 335571;;;;;
__obj2893_series.jpg;17 32 658665;;;;;
__obj2894_series.jpg;76 36 311403;;;;;
__obj2895_series.jpg;74 58 954309;;;;;
__obj2896_series.jpg;67 76 966801;;;;;
__obj2897_series.jpg;38 24 634835;;;;;
__obj2898_series.jpg;13 80 001739;;;;;
__obj2899_series.jpg;99 88 900183;;;;;
__obj2900_series.jpg;26 73 829811;;;;;
__obj2901_series.jpg;75 15 656644;;;;;
__obj2902_series.jpg;60 49 097451;;;;;
__obj2903_series.jpg;99 88 893090;;;;;
__obj2904_series.jpg;64 33 745576;;;;;
__obj2905_series.jpg;71 68 611778;;;;;
__obj2906_series.jpg;88 89 702239;;;;;
__obj2907_series.jpg;61 51 933305;;;;;
__obj2908_series.jpg;41 14 995231;;;;;
__obj2909_series.jpg;00 44 571486;;;;;
__obj2910_series.jpg;03 98 385865;;;;;
__obj2911_series.jpg;19 14 037367;;;;;
__obj2912_series.jpg;84 32 895837;;;;;
__obj2913_series.jpg;92 03 676033;;;;;
__obj2914_series.jpg;69 19 044195;;;;;
__obj2915_series.jpg;82 06 708655;;;;;
__obj2916_series.jpg;75 77 277606;;;;;
__obj2917_series.jpg;44 44 872074;;;;;
__obj2918_series.jpg;56 44 887519;;;;;
__obj2919_series.jpg;28 94 046630;;;;;
__obj2920_series.jpg;30 70 964569;;;;;
__obj2921_series.jpg;35 36 120205;;;;;
__obj2922_series.jpg;72 76 902726;;;;;
__obj2923_series.jpg;81 47 063626;;;;;
__obj2924_series.jpg;07 79 490702;;;;;
__obj2925_series.jpg;45 45 018036;;;;;
__obj2926_series.jpg;84 47 274766;;;;;
__obj2927_series.jpg;48 50 903237;;;;;
__obj2928_series.jpg;29 77 492140;;;;;
__obj2929_series.jpg;76 40 066058;;;;;
__obj2930_series.jpg;91 61 398141;;;;;
__obj2931_series.jpg;78 61 808359;;;;;
__obj2932_series.jpg;90 72 366199;;;;;
__obj2933_series.jpg;65 20 956267;;;;;
__obj2934_series.jpg;42 85 834922;;;;;
__obj2935_series.jpg;45 20 042412;;;;;
__obj2936_series.jpg;97 54 874391;;;;;
__obj2937_series.jpg;50 25 729160;;;;;
__obj2938_series.jpg;59 52 681012;;;;;
__obj2939_series.jpg;35 07 581479;;;;;
__obj2940_series.jpg;05 39 166410;;;;;
__obj2941_series.jpg;87 72 072510;;;;;
__obj2942_series.jpg;50 94 468873;;;;;
__obj2943_series.jpg;45 72 673689;;;;;
__obj2944_series.jpg;17 66 713489;;;;;
__obj2945_series.jpg;88 90 408843;;;;;
__obj2946_series.jpg;84 47 997916;;;;;
__obj2947_series.jpg;82 44 061772;;;;;
__obj2948_series.jpg;84 89 939416;;;;;
__obj2949_series.jpg;33 64 032110;;;;;
__obj2950_series.jpg;28 37 321863;;;;;
__obj2951_series.jpg;81 33 244004;;;;;
__obj2952_series.jpg;29 81 550910;;;;;
__obj2953_series.jpg;28 24 810661;;;;;
__obj2954_series.jpg;76 06 297878;;;;;
__obj2955_series.jpg;20 57 222464;;;;;
__obj2956_series.jpg;93 44 570127;;;;;
__obj2957_series.jpg;19 85 381376;;;;;
__obj2958_series.jpg;76 92 648565;;;;;
__obj2959_series.jpg;11 44 633063;;;;;
__obj2960_series.jpg;80 09 775125;;;;;
__obj2961_series.jpg;51 50 129045;;;;;
__obj2962_series.jpg;43 99 943715;;;;;
__obj2963_series.jpg;16 81 321672;;;;;
__obj2964_series.jpg;08 41 098284;;;;;
__obj2965_series.jpg;11 44 794866;;;;;
__obj2966_series.jpg;81 11 871566;;;;;
__obj2967_series.jpg;82 51 535134;;;;;
__obj2968_series.jpg;42 33 272503;;;;;
__obj2969_series.jpg;34 82 927046;;;;;
__obj2970_series.jpg;14 94 055179;;;;;
__obj2971_series.jpg;43 96 583910;;;;;
__obj2972_series.jpg;47 68 570939;;;;;
__obj2973_series.jpg;14 32 630221;;;;;
__obj2974_series.jpg;80 51 109179;;;;;
__obj2975_series.jpg;26 69 404050;;;;;
__obj2976_series.jpg;66 57 820977;;;;;
__obj2977_series.jpg;62 50 526361;;;;;
__obj2978_series.jpg;86 08 853781;;;;;
__obj2979_series.jpg;09 11 093126;;;;;
__obj2980_series.jpg;40 11 903816;;;;;
__obj2981_series.jpg;60 47 505822;;;;;
__obj2982_series.jpg;05 34 093126;;;;;
__obj2983_series.jpg;63 65 545871;;;;;
__obj2984_series.jpg;08 96 665233;;;;;
__obj2985_series.jpg;67 11 329386;;;;;
__obj2986_series.jpg;55 84 868567;;;;;
__obj2987_series.jpg;88 89 510406;;;;;
__obj2988_series.jpg;01 83 539532;;;;;
__obj2989_series.jpg;14 44 654564;;;;;
__obj2990_series.jpg;13 21 700969;;;;;
__obj2991_series.jpg;21 14 863852;;;;;
__obj2992_series.jpg;87 72 634835;;;;;
__obj2993_series.jpg;55 96 526327;;;;;
__obj2994_series.jpg;22 96 683506;;;;;
__obj2995_series.jpg;92 97 879966;;;;;
__obj2996_series.jpg;38 09 141393;;;;;
__obj2997_series.jpg;96 09 531035;;;;;
__obj2998_series.jpg;68 11 274766;;;;;
__obj2999_series.jpg;62 51 670553;;;;;
obj446_bio.jpg;СЕЙСЕБЕКОВА ГУЛАМИДИН АРКАДЬЕВИЧ;;;;;
obj446_city.jpg;Г БАРНАУЛ;;;;;
obj446_code.jpg;853-461;;;;;
obj446_date.jpg;24.09.1983;;;;;
obj446_gender.jpg;МУЖ;;;;;
obj446_issue.jpg;08.07.2000;;;;;
obj446_ufms.jpg;ТП УФМС 923 ПО КАЛУЖСКОЙ ОБЛАСТИ;;;;;
obj2800_bio.jpg;ЛУКОМСКИЙ ПЕТРОМЕЛЯ ЭДУАРДОВНА;;;;;
obj2800_city.jpg;Г ВОЛГОГРАД;;;;;
obj2800_code.jpg;276-906;;;;;
obj2800_date.jpg;05.01.1946;;;;;
obj2800_gender.jpg;ЖЕН;;;;;
obj2800_issue.jpg;07.09.2018;;;;;
obj2800_ufms.jpg;ТП УФМС 300 ПО РЯЗАНСКОЙ ОБЛАСТИ;;;;;
obj2801_bio.jpg;ЧУФРИН ЛЕОНКАДИЯ ИОСИФОВНА;;;;;
obj2801_city.jpg;Г УФА;;;;;
obj2801_code.jpg;939-724;;;;;
obj2801_date.jpg;05.01.1946;;;;;
obj2801_gender.jpg;ЖЕН;;;;;
obj2801_issue.jpg;18.12.2020;;;;;
obj2801_ufms.jpg;ТП УФМС 736 НОВГОРОДСКОЙ ОБЛАСТИ;;;;;
obj2802_bio.jpg;КОГУТ ЛАРИАНА ПАВЛОВНА;;;;;
obj2802_city.jpg;Г ГОРНО-АЛТАЙСК;;;;;
obj2802_code.jpg;906-170;;;;;
obj2802_gender.jpg;ЖЕН;;;;;
obj2802_issue.jpg;12.05.1994;;;;;
obj2802_ufms.jpg;ТП УФМС 166 ПО МОСКОВСКОЙ ОБЛАСТИ;;;;;
obj2803_bio.jpg;ГРУЩЕЦКИЙ ФАГИЛЬЯ ФЕЛИКСОВНА;;;;;
obj2803_city.jpg;БРЯНСКАЯ ОБЛ, Г МГЛИН;;;;;
obj2803_code.jpg;188-619;;;;;
obj2803_date.jpg;08.12.1980;;;;;
obj2803_gender.jpg;ЖЕН;;;;;
obj2803_issue.jpg;12.12.2019;;;;;
obj2803_ufms.jpg;ТП УФМС 798 ПО АРХАНГЕЛЬСКОЙ ОБЛАСТИ;;;;;
obj2804_bio.jpg;ВЕТКИН МЕРВЕН РОМАНОВНА;;;;;
obj2804_city.jpg;РЕСП ТЫВА, Г ТУРАН;;;;;
obj2804_code.jpg;327-891;;;;;
obj2804_date.jpg;01.09.1976;;;;;
obj2804_gender.jpg;МУЖ;;;;;
obj2804_issue.jpg;01.11.2022;;;;;
obj2804_ufms.jpg;ТП УФМС 125 ПО РЕСПУБЛИКЕ КРЫМ;;;;;
obj2805_bio.jpg;ЧЕРЕВЕЦ ФОНДИС АНДРЕЕВИЧ;;;;;
obj2805_city.jpg;АМУРСКАЯ ОБЛ, Г ТЫНДА;;;;;
obj2805_code.jpg;141-504;;;;;
obj2805_date.jpg;15.07.1973;;;;;
obj2805_gender.jpg;МУЖ;;;;;
obj2805_issue.jpg;03.06.2019;;;;;
obj2805_ufms.jpg;ТП УФМС 689 ПО МОСКОВСКОЙ ОБЛАСТИ;;;;;
obj2806_bio.jpg;ЖИВОПИСЦЕВА АРИГЕ ЯКОВЛЕВНА;;;;;
obj2806_city.jpg;Г БИРОБИДЖАН;;;;;
obj2806_code.jpg;164-861;;;;;
obj2806_date.jpg;01.07.1972;;;;;
obj2806_gender.jpg;МУЖ;;;;;
obj2806_issue.jpg;10.03.2005;;;;;
obj2806_ufms.jpg;ТП УФМС 902 ПО РЕСПУБЛИКЕ КАРЕЛИЯ;;;;;
obj2807_bio.jpg;ДОМИНИКОВА АМАР БОРИСОВИЧ;;;;;
obj2807_city.jpg;Г ЭЛИСТА;;;;;
obj2807_code.jpg;383-451;;;;;
obj2807_date.jpg;19.12.1999;;;;;
obj2807_gender.jpg;МУЖ;;;;;
obj2807_issue.jpg;23.12.2006;;;;;
obj2807_ufms.jpg;ТП УФМС 574 ПО МОСКОВСКОЙ ОБЛАСТИ;;;;;
obj2808_bio.jpg;ХАЙРУТДИНОВА ДЖОНА ЛЬВОВНА;;;;;
obj2808_city.jpg;Г КУРСК;;;;;
obj2808_code.jpg;246-429;;;;;
obj2808_date.jpg;23.08.2002;;;;;
obj2808_gender.jpg;МУЖ;;;;;
obj2808_issue.jpg;29.08.2010;;;;;
obj2808_ufms.jpg;ТП УФМС 391 ПО КУРСКОЙ ОБЛАСТИ;;;;;
obj2809_bio.jpg;ФЕНОГЕНОВНА ТРЮТТИ ЯКОВЛЕВИЧ;;;;;
obj2809_city.jpg;КУРСКАЯ ОБЛ, Г ОБОЯНЬ;;;;;
obj2809_code.jpg;680-451;;;;;
obj2809_date.jpg;13.06.2006;;;;;
obj2809_gender.jpg;ЖЕН;;;;;
obj2809_issue.jpg;27.08.2018;;;;;
obj2809_ufms.jpg;ТП УФМС 776 ПО КРАСНОДАРСКОМУ КРАЮ;;;;;
obj2810_bio.jpg;ПАНИШЕВА КЮЛЕ РОМАНОВНА;;;;;
obj2810_city.jpg;Г ГОРНО-АЛТАЙСК;;;;;
obj2810_code.jpg;595-360;;;;;
obj2810_gender.jpg;МУЖ;;;;;
obj2810_issue.jpg;25.11.2003;;;;;
obj2810_ufms.jpg;ТП УФМС 547 ПО КУРСКОЙ ОБЛАСТИ;;;;;
obj2811_bio.jpg;БОРАНБАЕВ АТЕШ АЛЕКСЕЕВНА;;;;;
obj2811_city.jpg;Г УФА;;;;;
obj2811_code.jpg;536-046;;;;;
obj2811_date.jpg;19.03.1991;;;;;
obj2811_gender.jpg;ЖЕН;;;;;
obj2811_issue.jpg;26.12.1997;;;;;
obj2811_ufms.jpg;ТП УФМС 294 ПО КУРСКОЙ ОБЛАСТИ;;;;;
obj2812_bio.jpg;ПОЖЕНКОВ БУТКО ЯКОВЛЕВИЧ;;;;;
obj2812_city.jpg;Г МАЙКОП;;;;;
obj2812_code.jpg;707-056;;;;;
obj2812_date.jpg;09.09.1992;;;;;
obj2812_gender.jpg;МУЖ;;;;;
obj2812_issue.jpg;05.06.2017;;;;;
obj2812_ufms.jpg;ТП УФМС 606 ПО АРХАНГЕЛЬСКОЙ;;;;;
obj2813_bio.jpg;СЕСТРУХИНА МАКРОВИЙ ЕФИМОВНА;;;;;
obj2813_city.jpg;БРЯНСКАЯ ОБЛ, Г СЕВСК;;;;;
obj2813_code.jpg;021-906;;;;;
obj2813_date.jpg;03.04.1958;;;;;
obj2813_gender.jpg;МУЖ;;;;;
obj2813_issue.jpg;20.08.1987;;;;;
obj2813_ufms.jpg;ТП УФМС 870 НОВГОРОДСКОЙ ОБЛАСТИ;;;;;
obj2814_bio.jpg;ТРАВИЛИН ГЕРОНИКА ЯКОВЛЕВИЧ;;;;;
obj2814_city.jpg;Г БЛАГОВЕЩЕНСК;;;;;
obj2814_code.jpg;970-881;;;;;
obj2814_date.jpg;05.07.1992;;;;;
obj2814_gender.jpg;МУЖ;;;;;
obj2814_issue.jpg;13.12.1989;;;;;
obj2814_ufms.jpg;ТП УФМС 011 ПО КАЛУЖСКОЙ ОБЛАСТИ;;;;;
obj2815_bio.jpg;КЕНТОВ ВИРСАЯ ВЛАДИСЛАВОВНА;;;;;
obj2815_city.jpg;КУРСКАЯ ОБЛ, Г СУДЖА;;;;;
obj2815_code.jpg;732-016;;;;;
obj2815_date.jpg;04.04.1961;;;;;
obj2815_gender.jpg;МУЖ;;;;;
obj2815_issue.jpg;12.03.1997;;;;;
obj2815_ufms.jpg;ТП УФМС 101 ПО КРАСНОДАРСКОМУ КРАЮ;;;;;
obj2816_bio.jpg;ПЕРЕПИЧКА КРИВ ВАСИЛЬЕВНА;;;;;
obj2816_city.jpg;АМУРСКАЯ ОБЛ, Г ТЫНДА;;;;;
obj2816_code.jpg;786-351;;;;;
obj2816_date.jpg;13.09.1949;;;;;
obj2816_gender.jpg;МУЖ;;;;;
obj2816_issue.jpg;05.04.2021;;;;;
obj2816_ufms.jpg;ТП УФМС 936 ПО КУРСКОЙ ОБЛАСТИ;;;;;
obj2817_bio.jpg;БЯШАРОВА АВВАЛМО ИГОРЕВИЧ;;;;;
obj2817_city.jpg;Г ИВАНОВО;;;;;
obj2817_code.jpg;414-658;;;;;
obj2817_date.jpg;20.12.1972;;;;;
obj2817_gender.jpg;ЖЕН;;;;;
obj2817_issue.jpg;31.10.1994;;;;;
obj2817_ufms.jpg;ТП УФМС 197 ПО ТАМБОВСКОЙ ОБЛАСТИ;;;;;
obj2818_bio.jpg;МАТРОЗОВ ВАГИСТ ИОСИФОВНА;;;;;
obj2818_city.jpg;Г БЛАГОВЕЩЕНСК;;;;;
obj2818_code.jpg;994-592;;;;;
obj2818_date.jpg;26.10.1965;;;;;
obj2818_gender.jpg;ЖЕН;;;;;
obj2818_issue.jpg;07.01.1995;;;;;
obj2818_ufms.jpg;ТП УФМС 911 ПО ВОЛГОГРАДСКОЙ ОБЛАСТИ;;;;;
obj2819_bio.jpg;РУСИНОВИЧ ИЛСЫЛУ ПАЛЫЧ;;;;;
obj2819_city.jpg;БРЯНСКАЯ ОБЛ, Г СЕВСК;;;;;
obj2819_code.jpg;455-938;;;;;
obj2819_date.jpg;09.02.1970;;;;;
obj2819_gender.jpg;ЖЕН;;;;;
obj2819_issue.jpg;12.12.1989;;;;;
obj2819_ufms.jpg;ТП УФМС 403 ПО БРЯНСКОЙ ОБЛАСТИ;;;;;
obj2820_bio.jpg;СТЭРИН РОМАННЯ ТИМОФЕЕВНА;;;;;
obj2820_city.jpg;Г БЛАГОВЕЩЕНСК;;;;;
obj2820_code.jpg;689-190;;;;;
obj2820_date.jpg;12.12.1955;;;;;
obj2820_gender.jpg;МУЖ;;;;;
obj2820_issue.jpg;03.08.1991;;;;;
obj2820_ufms.jpg;ТП УФМС 368 ПО КУРСКОЙ ОБЛАСТИ;;;;;
obj2821_bio.jpg;ДУРЬЕВА ГУЛСИРА АНДРЕЕВНА;;;;;
obj2821_city.jpg;Г БЛАГОВЕЩЕНСК;;;;;
obj2821_code.jpg;414-844;;;;;
obj2821_date.jpg;16.02.2003;;;;;
obj2821_gender.jpg;МУЖ;;;;;
obj2821_issue.jpg;02.05.2007;;;;;
obj2821_ufms.jpg;ТП УФМС 551 ПО РЯЗАНСКОЙ ОБЛАСТИ;;;;;
obj2822_bio.jpg;МАРШИН ПТОЛОМЕЙ ЭДУАРДОВНА;;;;;
obj2822_city.jpg;Г ВЛАДИМИР;;;;;
obj2822_code.jpg;956-525;;;;;
obj2822_date.jpg;27.09.1985;;;;;
obj2822_gender.jpg;ЖЕН;;;;;
obj2822_issue.jpg;30.07.2022;;;;;
obj2822_ufms.jpg;ТП УФМС 210 ПО КРАСНОДАРСКОМУ КРАЮ;;;;;
obj2823_bio.jpg;КАЗЫКОВ ПАРВИН ВЛАДИМИРОВИЧ;;;;;
obj2823_city.jpg;БРЯНСКАЯ ОБЛ, Г ПОЧЕП;;;;;
obj2823_code.jpg;846-422;;;;;
obj2823_date.jpg;02.01.1940;;;;;
obj2823_gender.jpg;МУЖ;;;;;
obj2823_issue.jpg;29.01.2005;;;;;
obj2823_ufms.jpg;ТП УФМС 997 ПО РЕСУБЛИКЕ КАРЕЛИЯ;;;;;
obj2824_bio.jpg;КОРХАЧЕВА МАЛИБДЕНА БОРИСОВИЧ;;;;;
obj2824_city.jpg;Г МАХАЧКАЛА;;;;;
obj2824_code.jpg;779-845;;;;;
obj2824_date.jpg;10.06.1965;;;;;
obj2824_gender.jpg;ЖЕН;;;;;
obj2824_issue.jpg;03.06.2009;;;;;
obj2824_ufms.jpg;ТП УФМС 796 ПО БРЯНСКОЙ ОБЛАСТИ;;;;;
obj2825_bio.jpg;МАТРЕНИЦКИЙ АБДУЛХАИР СЕРГЕЕВИЧ;;;;;
obj2825_city.jpg;Г ЯКУТСК;;;;;
obj2825_code.jpg;963-907;;;;;
obj2825_date.jpg;23.05.1989;;;;;
obj2825_gender.jpg;ЖЕН;;;;;
obj2825_issue.jpg;01.10.2013;;;;;
obj2825_ufms.jpg;ТП УФМС 025 ПО КУРСКОЙ ОБЛАСТИ;;;;;
obj2826_bio.jpg;ХОДИНОВА ПАДМА МИХАЙЛОВИЧ;;;;;
obj2826_city.jpg;БРЯНСКАЯ ОБЛ, Г СЕВСК;;;;;
obj2826_code.jpg;990-281;;;;;
obj2826_date.jpg;30.10.1945;;;;;
obj2826_gender.jpg;МУЖ;;;;;
obj2826_issue.jpg;04.12.2010;;;;;
obj2826_ufms.jpg;ТП УФМС 113 ПО МОСКОВСКОЙ ОБЛАСТИ;;;;;
obj2827_bio.jpg;ЕДЕЛЬКИН ПРЕДСЛАВ ИОСИФОВНА;;;;;
obj2827_city.jpg;БРЯНСКАЯ ОБЛ, Г УНЕЧА;;;;;
obj2827_code.jpg;993-407;;;;;
obj2827_date.jpg;23.09.1977;;;;;
obj2827_gender.jpg;МУЖ;;;;;
obj2827_issue.jpg;23.09.2009;;;;;
obj2827_ufms.jpg;ТП УФМС 769 ПО КУРСКОЙ ОБЛАСТИ;;;;;
obj2828_bio.jpg;ТИТАКОВА СЛАВИНИЯ ДЕНИСОВНА;;;;;
obj2828_city.jpg;Г МАЙКОП;;;;;
obj2828_code.jpg;518-783;;;;;
obj2828_date.jpg;18.07.1954;;;;;
obj2828_gender.jpg;ЖЕН;;;;;
obj2828_issue.jpg;23.01.1990;;;;;
obj2828_ufms.jpg;ТП УФМС 193 ПО ВОРОНЕЖСКОЙ ОБЛАСТИ;;;;;
obj2829_bio.jpg;ГОЙСИНА БЬЕРГ БЕДРОСОВИЧ;;;;;
obj2829_city.jpg;Г БЕЛГОРОД;;;;;
obj2829_code.jpg;595-360;;;;;
obj2829_date.jpg;14.03.1975;;;;;
obj2829_gender.jpg;МУЖ;;;;;
obj2829_issue.jpg;12.06.2017;;;;;
obj2829_ufms.jpg;ТП УФМС 266 ПО ВОЛГОГРАДСКОЙ ОБЛАСТИ;;;;;
obj2830_bio.jpg;БАИН МИРУСЛАВИЯ ВЛАДИСЛАВОВНА;;;;;
obj2830_city.jpg;Г БАРНАУЛ;;;;;
obj2830_code.jpg;181-403;;;;;
obj2830_date.jpg;22.07.1977;;;;;
obj2830_gender.jpg;ЖЕН;;;;;
obj2830_issue.jpg;29.11.2016;;;;;
obj2830_ufms.jpg;ТП УФМС 831 ПО АРХАНГЕЛЬСКОЙ ОБЛАСТИ;;;;;
obj2831_bio.jpg;МАЗОВЕЦКИЙ КЭТЧИ ПЛАТОНОВНА;;;;;
obj2831_city.jpg;Г БЛАГОВЕЩЕНСК;;;;;
obj2831_code.jpg;682-978;;;;;
obj2831_date.jpg;04.11.2004;;;;;
obj2831_gender.jpg;ЖЕН;;;;;
obj2831_issue.jpg;22.09.1992;;;;;
obj2831_ufms.jpg;ТП УФМС 991 ПО КРАСНОДАРСКОМУ КРАЮ;;;;;
obj2832_bio.jpg;КАРЫМСАКОВА САЙФИ ГЕННАДИЕВИЧ;;;;;
obj2832_city.jpg;БРЯНСКАЯ ОБЛ, Г ПОЧЕП;;;;;
obj2832_code.jpg;315-762;;;;;
obj2832_date.jpg;16.02.1980;;;;;
obj2832_gender.jpg;МУЖ;;;;;
obj2832_issue.jpg;19.02.2004;;;;;
obj2832_ufms.jpg;ТП УФМС 551 ПО КРАСНОДАРСКОМУ КРАЮ;;;;;
obj2833_bio.jpg;ЧУРСИНА ПУНЧ КОНСТАНТИНОВНА;;;;;
obj2833_city.jpg;БРЯНСКАЯ ОБЛ, Г МГЛИН;;;;;
obj2833_code.jpg;873-365;;;;;
obj2833_date.jpg;15.05.1999;;;;;
obj2833_gender.jpg;ЖЕН;;;;;
obj2833_issue.jpg;01.07.2014;;;;;
obj2833_ufms.jpg;ТП УФМС 894 ПО ВОЛГОГРАДСКОЙ ОБЛАСТИ;;;;;
obj2834_bio.jpg;ГАЛЬЦИН ЛЯЙЗЯ РОМАНОВИЧ;;;;;
obj2834_city.jpg;Г ВЛАДИВОСТОК;;;;;
obj2834_code.jpg;701-563;;;;;
obj2834_date.jpg;07.06.1970;;;;;
obj2834_gender.jpg;МУЖ;;;;;
obj2834_issue.jpg;01.12.2001;;;;;
obj2834_ufms.jpg;ТП УФМС 780 ПО КАЛУЖСКОЙ ОБЛАСТИ;;;;;
obj2835_bio.jpg;ЛЕУТОВА ВАСИЛДИЙ;;;;;
obj2835_city.jpg;АМУРСКАЯ ОБЛ, Г ТЫНДА;;;;;
obj2835_code.jpg;380-901;;;;;
obj2835_date.jpg;22.06.1952;;;;;
obj2835_gender.jpg;ЖЕН;;;;;
obj2835_issue.jpg;22.04.1985;;;;;
obj2835_ufms.jpg;ТП УФМС 116 ПО ВОРОНЕЖСКОЙ ОБЛАСТИ;;;;;
obj2836_bio.jpg;ГЕЛЕТЕЙ ЛЕНДА КИРИЛЛОВИЧ;;;;;
obj2836_city.jpg;Г БАРНАУЛ;;;;;
obj2836_code.jpg;859-593;;;;;
obj2836_date.jpg;30.01.1995;;;;;
obj2836_gender.jpg;ЖЕН;;;;;
obj2836_issue.jpg;08.02.2007;;;;;
obj2836_ufms.jpg;ТП УФМС 462 ПО ТАМБОВСКОЙ ОБЛАСТИ;;;;;
obj2837_bio.jpg;БОДКИН ТСАНИСЛАВ ВЛАДИСЛАВОВНА;;;;;
obj2837_city.jpg;Г УФА;;;;;
obj2837_code.jpg;769-263;;;;;
obj2837_date.jpg;28.03.1946;;;;;
obj2837_gender.jpg;ЖЕН;;;;;
obj2837_issue.jpg;06.05.2006;;;;;
obj2837_ufms.jpg;ТП УФМС 719 НОВГОРОДСКОЙ ОБЛАСТИ;;;;;
obj2838_bio.jpg;АГЕЙЧИК ГАМАЯ ВИКТОРОВИЧ;;;;;
obj2838_city.jpg;Г АСТРАХАНЬ;;;;;
obj2838_code.jpg;469-831;;;;;
obj2838_date.jpg;25.03.1979;;;;;
obj2838_gender.jpg;ЖЕН;;;;;
obj2838_issue.jpg;15.10.2013;;;;;
