0a0dc09d-obj56_bio.jpg;Мамзурина Шара Тимофеевна;;;;;
0a0dc09d-obj56_city.jpg;Г Улан;;;;;
0a0dc09d-obj56_code.jpg;027-532;;;;;
0a0dc09d-obj56_gender.jpg;МУЖ;;;;;
0a0dc09d-obj56_date.jpg;05.05.1955;;;;;
0a0dc09d-obj56_issue.jpg;11.02.2016;;;;;
0a0dc09d-obj56_ufms.jpg;ТП УФМС 143 по Тамбовской Области;;;;;
0a4e59c9-obj97_bio.jpg;Симоньянц Арадий Платонович;;;;;
0a4e59c9-obj97_city.jpg;Брянская Обл, Г Севск;;;;;
0a4e59c9-obj97_code.jpg;327-891;;;;;
0a4e59c9-obj97_date.jpg;05.10.1940;;;;;
0a4e59c9-obj97_gender.jpg;МУЖ;;;;;
0a4e59c9-obj97_issue.jpg;25.03.2004;;;;;
0a4e59c9-obj97_ufms.jpg;ТП УФМС 066 ПО КУРСКОЙ ОБЛАСТИ;;;;;
0feb604b-obj7_bio.jpg;НЕИЦЕВА ЗАМФИНА ГЕННАДИЕВНА;;;;;
0feb604b-obj7_city.jpg;Г САРАТОВ;;;;;
0feb604b-obj7_code.jpg;914-775;;;;;
0feb604b-obj7_date.jpg;27.03.2002;;;;;
0feb604b-obj7_issue.jpg;09.11.2012;;;;;
0feb604b-obj7_ufms.jpg;ТП УФМС 005 ПО КРАСНОДАРСКОМУ КРАЮ;;;;;
1a2d6fb6-obj86_bio.jpg;МАУХИНА АДИВА ЭДУАРДОВНА;;;;;
1a2d6fb6-obj86_city.jpg;Г ИВАНОВО;;;;;
1a2d6fb6-obj86_code.jpg;420-260;;;;;
1a2d6fb6-obj86_date.jpg;07.11.1993;;;;;
1a2d6fb6-obj86_gender.jpg;ЖЕН;;;;;
1a2d6fb6-obj86_issue.jpg;16.06.2021;;;;;
1a2d6fb6-obj86_ufms.jpg;ТП УФМС 547 ПО МОСКОВСКОЙ ОБЛАСТИ;;;;;
1e21a4fa-obj80_bio.jpg;КВАШИН ЛИИЯ БОРИСОВИЧ;;;;;
1e21a4fa-obj80_city.jpg;АМУРСКАЯ ОБЛ, Г ТЫНДА;;;;;
1e21a4fa-obj80_code.jpg;998-117;;;;;
1e21a4fa-obj80_date.jpg;05.07.1960;;;;;
1e21a4fa-obj80_issue.jpg;08.07.1995;;;;;
1e21a4fa-obj80_ufms.jpg;ТП УФМС 715 ПО РЕСПУБЛИКЕ КРЫМ;;;;;
1f3ad43e-obj88_bio.jpg;БЕСКАРОВАЙНОВА КИАНУ СТЕПАНОВНА;;;;;
1f3ad43e-obj88_city.jpg;Г АРХАНГЕЛЬСК;;;;;
1f3ad43e-obj88_code.jpg;676-876;;;;;
1f3ad43e-obj88_date.jpg;18.09.1985;;;;;
1f3ad43e-obj88_issue.jpg;09.12.2014;;;;;
1f3ad43e-obj88_ufms.jpg;ТП УФМС 173 ПО БРЯНСКОЙ ОБЛАСТИ;;;;;
1f7fa5dc-obj49_bio.jpg;КЛЮКИНА УМДАТ ПАЛЫЧ;;;;;
1f7fa5dc-obj49_city.jpg;АМУРСКАЯ ОБЛ, Г ТЫНДА;;;;;
1f7fa5dc-obj49_code.jpg;568-072;;;;;
1f7fa5dc-obj49_date.jpg;18.08.1951;;;;;
1f7fa5dc-obj49_issue.jpg;23.08.2002;;;;;
1f7fa5dc-obj49_ufms.jpg;ТП УФМС 320 ПО БРЯНСКОЙ ОБЛАСТИ;;;;;
2a9bcb6d-obj101_bio.jpg;ВОЛОКОТИН ТЕЛЬЗА СЕРГЕЕВНА;;;;;
2a9bcb6d-obj101_code.jpg;992-558;;;;;
2a9bcb6d-obj101_date.jpg;31.07.2007;;;;;
2a9bcb6d-obj101_issue.jpg;28.06.1989;;;;;
2a9bcb6d-obj101_ufms.jpg;ТП УФМС 184 ПО АРХАНГЕЛЬСКОЙ ОБЛАСТИ;;;;;
2a76d1c8-obj66_bio.jpg;САМИТИН ЭДУАРД ЛЬВОВНА;;;;;
2a76d1c8-obj66_city.jpg;Г АСТРАХАНЬ;;;;;
2a76d1c8-obj66_code.jpg;592-377;;;;;
2a76d1c8-obj66_date.jpg;09.11.1971;;;;;
2a76d1c8-obj66_issue.jpg;30.11.2014;;;;;
2a76d1c8-obj66_ufms.jpg;ТП УФМС 848 ПО ВОЛГОГРАДСКОЙ ОБЛАСТИ;;;;;
2bee1a00-obj17_bio.jpg;РОССЫПНОВА ЛАТРИША ФЕЛИКСОВНА;;;;;
2bee1a00-obj17_city.jpg;Г ВЛАДИМИР;;;;;
2bee1a00-obj17_code.jpg;507-820;;;;;
2bee1a00-obj17_date.jpg;25.03.1979;;;;;
2bee1a00-obj17_issue.jpg;24.07.1998;;;;;
2bee1a00-obj17_ufms.jpg;ТП УФМС 604 ПО АРХАНГЕЛЬСКОЙ ОБЛАСТИ;;;;;
2d17a23f-obj83_bio.jpg;СУЛЛА ЛЕКАДИЯ ЯКОВЛЕВИЧ;;;;;
2d17a23f-obj83_city.jpg;Г УЛАН-УДЭ;;;;;
2d17a23f-obj83_code.jpg;853-150;;;;;
2d17a23f-obj83_date.jpg;23.10.1945;;;;;
2d17a23f-obj83_gender.jpg;МУЖ;;;;;
2d17a23f-obj83_issue.jpg;22.09.1998;;;;;
2d17a23f-obj83_ufms.jpg;ТП УФМС 506 ПО КАЛУЖСКОЙ ОБЛАСТИ;;;;;
2efbaede-obj59_bio.jpg;КУНИЦКАЯ ДЖАБРАЙЛ ИВАНЫЧ;;;;;
2efbaede-obj59_city.jpg;Г ЧЕРКЕССК;;;;;
2efbaede-obj59_code.jpg;267-100;;;;;
2efbaede-obj59_date.jpg;15.08.2002;;;;;
2efbaede-obj59_gender.jpg;ЖЕН;;;;;
2efbaede-obj59_issue.jpg;08.04.2018;;;;;
2efbaede-obj59_ufms.jpg;ТП УФМС 574 ПО РЕСПУБЛИКЕ КАРЕЛИЯ;;;;;
3f8dce61-obj11_bio.jpg;АМЯУТДИНОВА АТРИНАЛИЯ СЕРГЕЕВИЧ;;;;;
3f8dce61-obj11_city.jpg;Г ВОРОНЕЖ;;;;;
3f8dce61-obj11_code.jpg;561-842;;;;;
3f8dce61-obj11_date.jpg;29.08.1990;;;;;
3f8dce61-obj11_issue.jpg;28.05.2019;;;;;
3f8dce61-obj11_ufms.jpg;ТП УФМС 010 ПО МОСКОВСКОЙ ОБЛАСТИ;;;;;
4a698453-obj71_bio.jpg;ТОЛОЗОВ ГНАТИЙ БЕДРОСОВИЧ;;;;;
4a698453-obj71_city.jpg;РЕСП БУРЯТИЯ, Г КЯХТА;;;;;
4a698453-obj71_code.jpg;458-529;;;;;
4a698453-obj71_date.jpg;16.04.1943;;;;;
4a698453-obj71_issue.jpg;28.12.2014;;;;;
4a698453-obj71_ufms.jpg;ТП УФМС 087 ПО РЕСПУБЛИКЕ КАРЕЛИЯ;;;;;
4b082198-obj30_bio.jpg;ХУДЯШОВА ОНЕСТО СТЕПАНОВНА;;;;;
4b082198-obj30_city.jpg;АМУРСКАЯ ОБЛ, Г ЗЕЯ;;;;;
4b082198-obj30_code.jpg;975-217;;;;;
4b082198-obj30_date.jpg;04.03.1946;;;;;
4b082198-obj30_issue.jpg;01.12.1988;;;;;
4b082198-obj30_ufms.jpg;ТП УФМС 753 ПО КАЛУЖСКОЙ ОБЛАСТИ;;;;;
4c882816-obj42_bio.jpg;ДЕЛЬНИКОВА ПРИСИСИМА АЛЕКСЕЕВИЧ;;;;;
4c882816-obj42_city.jpg;БРЯНСКАЯ ОБЛ, Г ПОЧЕП;;;;;
4c882816-obj42_code.jpg;724-043;;;;;
4c882816-obj42_date.jpg;18.11.2007;;;;;
4c882816-obj42_issue.jpg;19.10.2020;;;;;
4c882816-obj42_ufms.jpg;ТП УФМС 621 ПО РЯЗАНСКОЙ ОБЛАСТИ;;;;;
4d0c64d2-obj32_bio.jpg;АРСЕЕНКОВА ХАРЫТКА АРКАДЬЕВИЧ;;;;;
4d0c64d2-obj32_city.jpg;Г ВОЛОГДА;;;;;
4d0c64d2-obj32_code.jpg;838-357;;;;;
4d0c64d2-obj32_date.jpg;23.01.1993;;;;;
4d0c64d2-obj32_gender.jpg;ЖЕН;;;;;
4d0c64d2-obj32_issue.jpg;21.01.1990;;;;;
4d0c64d2-obj32_ufms.jpg;ТП УФМС 664 ПО РЕСПУБЛИКЕ КАРЕЛИЯ;;;;;
4e2395c9-obj44_bio.jpg;ВОСПЕЛНИКОВ МАРСЕЛЛИНА ВЛАДИСЛАВОВНА;;;;;
4e2395c9-obj44_city.jpg;Г МАХАЧКАЛА;;;;;
4e2395c9-obj44_code.jpg;895-692;;;;;
4e2395c9-obj44_date.jpg;01.03.2003;;;;;
4e2395c9-obj44_issue.jpg;20.05.2001;;;;;
4e2395c9-obj44_ufms.jpg;ТП УФМС 547 ПО КРАСНОДАРСКОМУ КРАЮ;;;;;
04f67c6e-obj3_bio.jpg;ПОЛИЙЧУК САЙЛИНА ВАЛЕРЬЕВИЧ;;;;;
04f67c6e-obj3_city.jpg;БРЯНСКАЯ ОБЛ, Г МГЛИН;;;;;
04f67c6e-obj3_code.jpg;114-375;;;;;
04f67c6e-obj3_date.jpg;28.11.1984;;;;;
04f67c6e-obj3_issue.jpg;09.09.1987;;;;;
04f67c6e-obj3_ufms.jpg;ТП УФМС 340 НОВГОРОДСКОЙ ОБЛАСТИ;;;;;
5cc8523b-obj28_bio.jpg;КАРЫЙ ЖИНАНА ТИМОФЕЕВИЧ;;;;;
5cc8523b-obj28_city.jpg;Г МАХАЧКАЛА;;;;;
5cc8523b-obj28_code.jpg;678-671;;;;;
5cc8523b-obj28_date.jpg;16.02.1970;;;;;
5cc8523b-obj28_issue.jpg;10.08.2009;;;;;
5cc8523b-obj28_ufms.jpg;ТП УФМС 179 НОВГОРОДСКОЙ ОБЛАСТИ;;;;;
6a5c51f4-obj76_bio.jpg;ЛОПАНЦЕВ ОЛЬГЕРТ СТЕПАНОВНА;;;;;
6a5c51f4-obj76_city.jpg;Г ИВАНОВО;;;;;
6a5c51f4-obj76_code.jpg;997-359;;;;;
6a5c51f4-obj76_date.jpg;20.2.1968;;;;;
6a5c51f4-obj76_issue.jpg;08.08.2004;;;;;
6a5c51f4-obj76_ufms.jpg;ТП УФМС 267 ПО КРАСНОДАРСКОМУ КРАЮ;;;;;
6a9241bb-obj84_bio.jpg;ХИВРИЧ КИРИОН СЕРГЕЕВИЧ;;;;;
6a9241bb-obj84_city.jpg;Г НАРЬЯН-МАР;;;;;
6a9241bb-obj84_code.jpg;595-452;;;;;
6a9241bb-obj84_date.jpg;16.11.1943;;;;;
6a9241bb-obj84_issue.jpg;05.06.1988;;;;;
6a9241bb-obj84_ufms.jpg;ТП УФМС 507 ПО ВОЛГОГРАДСКОЙ ОБЛАСТИ;;;;;
6d823876-obj93_bio.jpg;ПШЕТУЛЬСКАЯ ХОАКИН ЭДУАРДОВНА;;;;;
6d823876-obj93_city.jpg;БРЯНСКАЯ ОБЛ, Г МГЛИН;;;;;
6d823876-obj93_code.jpg;420-260;;;;;
6d823876-obj93_date.jpg;12.05.1941;;;;;
6d823876-obj93_issue.jpg;15.03.2009;;;;;
6d823876-obj93_ufms.jpg;ТП УФМС 371 ПО ТАМБОВСКОЙ ОБЛАСТИ;;;;;
6f7d6737-obj34_bio.jpg;МИЛЬКОВСКАЯ ОРИСТОСЛАВ ПАВЛОВНА;;;;;
6f7d6737-obj34_city.jpg;Г ВОЛГОГРАД;;;;;
6f7d6737-obj34_code.jpg;355-420;;;;;
6f7d6737-obj34_date.jpg;13.06.1955;;;;;
6f7d6737-obj34_issue.jpg;19.08.1993;;;;;
6f7d6737-obj34_ufms.jpg;ТП УФМС 857 ПО ТАМБОВСКОЙ ОБЛАСТИ;;;;;
7ab8818a-obj94_bio.jpg;СУНГУРОВ ЕРЗАТ АНДРЕЕВНА;;;;;
7ab8818a-obj94_city.jpg;Брянская Обл, Г Севск;;;;;
7ab8818a-obj94_code.jpg;303-174;;;;;
7ab8818a-obj94_date.jpg;02.01.1973;;;;;
7ab8818a-obj94_issue.jpg;29.03.1994;;;;;
7ab8818a-obj94_ufms.jpg;ТП УФМС 883 ПО БРЯНСКОЙ ОБЛАСТИ;;;;;
7d2b6f07-obj78_bio.jpg;КАРАПЫШ КИСТИОН ИГОРЕВНА;;;;;
7d2b6f07-obj78_city.jpg;Г ТОМСК;;;;;
7d2b6f07-obj78_code.jpg;955-147;;;;;
7d2b6f07-obj78_date.jpg;30.05.1962;;;;;
7d2b6f07-obj78_issue.jpg;13.01.1998;;;;;
7d2b6f07-obj78_ufms.jpg;ТП УФМС 678 ПО РЕСПУБЛИКЕ КРЫМ;;;;;
7d41e512-obj90_bio.jpg;ЕГЕР ЛАУРАЛИ СЕРГЕЕВИЧ;;;;;
7d41e512-obj90_city.jpg;БИРОБИДЖАН;;;;;
7d41e512-obj90_code.jpg;015-884;;;;;
7d41e512-obj90_date.jpg;06.10.1960;;;;;
7d41e512-obj90_issue.jpg;22.01.2016;;;;;
7d41e512-obj90_ufms.jpg;ТП УФМС 588 ПО ТАМБОВСКОЙ ОБЛАСТИ;;;;;
8a7df15a-obj15_bio.jpg;ВЕРГАЛОВА ИЛХОМЖАН ВАЛЕРЬЕВИЧ;;;;;
8a7df15a-obj15_city.jpg;Г БЛАГОВЕЩЕНСК;;;;;
8a7df15a-obj15_code.jpg;299-636;;;;;
8a7df15a-obj15_date.jpg;26.05.1960;;;;;
8a7df15a-obj15_issue.jpg;07.10.2021;;;;;
8a7df15a-obj15_ufms.jpg;ТП УФМС 796 ПО МОСКОВСКОЙ ОБЛАСТИ;;;;;
8dbd9656-obj75_bio.jpg;БЛАГОНРАВОВ ДЁНЯ ПЛАТОНОВНА;;;;;
8dbd9656-obj75_city.jpg;Г ИЖЕВСК;;;;;
8dbd9656-obj75_code.jpg;959-552;;;;;
8dbd9656-obj75_date.jpg;24.07.1956;;;;;
8dbd9656-obj75_issue.jpg;17.06.1992;;;;;
8dbd9656-obj75_ufms.jpg;ТП УФМС 848 ПО ВОЛГОГРАДСКОЙ ОБЛАСТИ;;;;;
8fa7e4e5-obj55_bio.jpg;ПЕНДЕЛЬСКАЯ ПЕНЕЛОПА ПАЛЫЧ;;;;;
8fa7e4e5-obj55_city.jpg;Г ЧИТА;;;;;
8fa7e4e5-obj55_code.jpg;355-536;;;;;
8fa7e4e5-obj55_date.jpg;16.09.1963;;;;;
8fa7e4e5-obj55_issue.jpg;11.04.1996;;;;;
8fa7e4e5-obj55_ufms.jpg;ТП УФМС 888 ПО БРЯНСКОЙ ОБЛАСТИ;;;;;
9ab6bfe3-obj26_bio.jpg;НОВОДЧЕНИКОВА СЕНИМ ВИТАЛИЕВНА;;;;;
9ab6bfe3-obj26_city.jpg;Г АСТРАХАНЬ;;;;;
9ab6bfe3-obj26_code.jpg;753-477;;;;;
9ab6bfe3-obj26_date.jpg;08.05.1972;;;;;
9ab6bfe3-obj26_issue.jpg;19.07.2005;;;;;
9ab6bfe3-obj26_ufms.jpg;ТП УФМС 975 ПО МОСКОВСКОЙ ОБЛАСТИ;;;;;
9e498c00-obj100_bio.jpg;КАНГУН УИЛМА ВЛАДИМИРОВИЧ;;;;;
9e498c00-obj100_city.jpg;Г БЕЛГОРОД;;;;;
9e498c00-obj100_code.jpg;967-746;;;;;
9e498c00-obj100_date.jpg;01.08.2004;;;;;
9e498c00-obj100_gender.jpg;ЖЕН;;;;;
9e498c00-obj100_issue.jpg;26.06.2004;;;;;
9e498c00-obj100_ufms.jpg;ТП УФМС 947 ПО КУРСКОЙ ОБЛАСТИ;;;;;
14fc2723-obj85_bio.jpg;СУЛИМСКАЯ АРЭГ ДЕНИСОВНА;;;;;
14fc2723-obj85_city.jpg;Г АСТРАХАНЬ;;;;;
14fc2723-obj85_code.jpg;067-583;;;;;
14fc2723-obj85_date.jpg;06.10.1960;;;;;
14fc2723-obj85_issue.jpg;12.10.2009;;;;;
14fc2723-obj85_ufms.jpg;ТП УФМС 605 ПО РЕСПУБЛИКЕ КРЫМ;;;;;
17c4f3a8-obj50_bio.jpg;ИСКРЖИЦКАЯ НАЛЬДИНА ВАСИЛЬЕВНА;;;;;
17c4f3a8-obj50_city.jpg;Г АСТРАХАНЬ;;;;;
17c4f3a8-obj50_code.jpg;921-108;;;;;
17c4f3a8-obj50_date.jpg;20.03.1996;;;;;
17c4f3a8-obj50_issue.jpg;18.09.1999;;;;;
17c4f3a8-obj50_ufms.jpg;ТП УФМС 143 ПО ВОРОНЕЖСКОЙ ОБЛАСТИ;;;;;
23b16d8d-obj77_bio.jpg;ЛЮДИНОВСКИЙ НАВЕД ЕВГЕНЬЕВНА;;;;;
23b16d8d-obj77_city.jpg;РЕСП БУРЯТИЯ, Г КЯХТА;;;;;
23b16d8d-obj77_code.jpg;595-452;;;;;
23b16d8d-obj77_date.jpg;13.04.1946;;;;;
23b16d8d-obj77_issue.jpg;25.09.2007;;;;;
23b16d8d-obj77_ufms.jpg;ТП УФМС 683 НОВГОРОДСКОЙ ОБЛАСТИ;;;;;
27fe9b76-obj53_bio.jpg;ЧЕКМОУСОВ АРЁФИЙ ВИТАЛИЕВНА;;;;;
27fe9b76-obj53_city.jpg;БРЯНСКАЯ ОБЛ, Г МГЛИН;;;;;
27fe9b76-obj53_code.jpg;564-413;;;;;
27fe9b76-obj53_date.jpg;03.02.1997;;;;;
27fe9b76-obj53_issue.jpg;27.05.2012;;;;;
27fe9b76-obj53_ufms.jpg;ТП УФМС 511 ПО МОСКОВСКОЙ ОБЛАСТИ;;;;;
34f85f21-obj33_bio.jpg;МАНДИБУРЕ НЕССИ ЭДУАРДОВИЧ;;;;;
34f85f21-obj33_city.jpg;Г БЕЛГОРОД;;;;;
34f85f21-obj33_code.jpg;811-361;;;;;
34f85f21-obj33_date.jpg;16.10.2001;;;;;
34f85f21-obj33_issue.jpg;26.08.2002;;;;;
34f85f21-obj33_ufms.jpg;ТП УФМС 391 ПО КУРСКОЙ ОБЛАСТИ;;;;;
041de67b-obj57_bio.jpg;ГЕЙДЕМАН АЛЬБЕРТС ЕВГЕНЬЕВНА;;;;;
041de67b-obj57_city.jpg;Г УФА;;;;;
041de67b-obj57_code.jpg;996-914;;;;;
041de67b-obj57_date.jpg;11.01.1981;;;;;
041de67b-obj57_issue.jpg;27.09.2000;;;;;
041de67b-obj57_ufms.jpg;ТП УФМС 451 ПО АРХАНГЕЛЬСКОЙ ОБЛАСТИ;;;;;
42f25ba0-obj81_bio.jpg;ГОЛЬТЯНИН КАММЕРОН МАКСИМОВИЧ;;;;;
42f25ba0-obj81_city.jpg;Г АСТРАХАНЬ;;;;;
42f25ba0-obj81_code.jpg;860-877;;;;;
42f25ba0-obj81_date.jpg;13.09.1994;;;;;
42f25ba0-obj81_issue.jpg;20.08.2013;;;;;
42f25ba0-obj81_ufms.jpg;ТП УФМС 962 ПО ВОРОНЕЖСКОЙ ОБЛАСТИ;;;;;
55ed8c73-obj89_bio.jpg;КАФИАТУЛЛИНА МУРАЗ ЭДУАРДОВНА;;;;;
55ed8c73-obj89_city.jpg;Г КАЛИНИНГРАД;;;;;
55ed8c73-obj89_code.jpg;609-484;;;;;
55ed8c73-obj89_date.jpg;04.12.1942;;;;;
55ed8c73-obj89_issue.jpg;22.09.1998;;;;;
55ed8c73-obj89_ufms.jpg;ТП УФМС 995 ПО КУРСКОЙ ОБЛАСТИ;;;;;
61aa7055-obj16_bio.jpg;ДРАНКО МУТЛАК СТЕПАНОВИЧ;;;;;
61aa7055-obj16_city.jpg;Г ЧИТА;;;;;
61aa7055-obj16_code.jpg;640-508;;;;;
61aa7055-obj16_date.jpg;26.06.1980;;;;;
61aa7055-obj16_issue.jpg;09.11.1995;;;;;
61aa7055-obj16_ufms.jpg;ТП УФМС 633 ПО РЯЗАНСКОЙ ОБЛАСТИ;;;;;
61b46d08-obj14_bio.jpg;ЗАВАЛКОВСКАЯ МАСНАВИЙА ИОСИФОВНА;;;;;
61b46d08-obj14_city.jpg;Г МАЙКОП;;;;;
61b46d08-obj14_code.jpg;747-034;;;;;
61b46d08-obj14_date.jpg;16.10.2005;;;;;
61b46d08-obj14_issue.jpg;26.03.2020;;;;;
61b46d08-obj14_ufms.jpg;ТП УФМС 143 ПО РЕСПУБЛИКЕ КАРЕЛИЯ;;;;;
71a72a92-obj35_bio.jpg;НАЙМАНОВА КАРИНА НИКОЛАЕВНА;;;;;
71a72a92-obj35_city.jpg;Г АСТРАХАНЬ;;;;;
71a72a92-obj35_code.jpg;693-486;;;;;
71a72a92-obj35_date.jpg;21.12.1952;;;;;
71a72a92-obj35_issue.jpg;16.08.1987;;;;;
71a72a92-obj35_ufms.jpg;ТП УФМС 797 ПО АРХАНГЕЛЬСКОЙ ОБЛАСТИ;;;;;
87e59681-obj24_bio.jpg;КОБЯШОВА ИОБИ ВИКТОРОВИЧ;;;;;
87e59681-obj24_city.jpg;Г ГОРНО-АЛТАЙСК;;;;;
87e59681-obj24_code.jpg;107-454;;;;;
87e59681-obj24_date.jpg;20.10.1965;;;;;
87e59681-obj24_issue.jpg;24.08.2000;;;;;
87e59681-obj24_ufms.jpg;ТП УФМС 896 ПО ТАМБОВСКОЙ ОБЛАСТИ;;;;;
98e633aa-obj70_bio.jpg;СОЛОМЕВИЧ АКРАМБАНУ АЛЕКСЕЕВНА;;;;;
98e633aa-obj70_city.jpg;Г УФА;;;;;
98e633aa-obj70_code.jpg;893-239;;;;;
98e633aa-obj70_date.jpg;25.12.1987;;;;;
98e633aa-obj70_gender.jpg;ЖЕН;;;;;
98e633aa-obj70_issue.jpg;01.02.2012;;;;;
98e633aa-obj70_ufms.jpg;ТП УФМС 763 ПО РЕСПУБЛИКЕ КАРЕЛИЯ;;;;;
166be000-obj54_bio.jpg;СИМОТИНА САБИЯ РОМАНОВИЧ;;;;;
166be000-obj54_city.jpg;Г ЧИТА;;;;;
166be000-obj54_code.jpg;735-923;;;;;
166be000-obj54_date.jpg;07.01.1974;;;;;
166be000-obj54_issue.jpg;05.09.2017;;;;;
166be000-obj54_ufms.jpg;ТП УФМС 913 ПО РЯЗАНСКОЙ ОБЛАСТИ;;;;;
239c51be-obj38_bio.jpg;ЧИБИНА ДЖЭЙНАРА БОРИСОВИЧ;;;;;
239c51be-obj38_city.jpg;АМУРСКАЯ ОБЛ, Г ЗЕЯ;;;;;
239c51be-obj38_date.jpg;26.12.1949;;;;;
239c51be-obj38_issue.jpg;18.06.2020;;;;;
239c51be-obj38_ufms.jpg;ТП УФМС 181 ПО РЕСПУБЛИКЕ КАРЕЛИЯ;;;;;
351e709d-obj5_city.jpg;Г МАЙКОП;;;;;
__0a0dc09d-obj56_series.jpg;88 67 328615;;;;;
__0a4e59c9-obj97_series.jpg;37 24 551059;;;;;
__0feb604b-obj7_series.jpg;73 05 435589;;;;;
__1a2d6fb6-obj86_series.jpg;52 39 032110;;;;;
__1e21a4fa-obj80_series.jpg;87 61 862377;;;;;
__1f3ad43e-obj88_series.jpg;51 53 307876;;;;;
__1f7fa5dc-obj49_series.jpg;78 25 721169;;;;;
__2a9bcb6d-obj101_series.jpg;28 23 520496;;;;;
__2a76d1c8-obj66_series.jpg;43 25 375468;;;;;
__2bee1a00-obj17_series.jpg;01 70 977170;;;;;
__2d17a23f-obj83_series.jpg;90 96 097826;;;;;
__2efbaede-obj59_series.jpg;42 33 021031;;;;;
__3f8dce61-obj11_series.jpg;46 44 326154;;;;;
__4a698453-obj71_series.jpg;82 51 636024;;;;;
__4b082198-obj30_series.jpg;57 17 193365;;;;;
__4c882816-obj42_series.jpg;50 74 108207;;;;;